{
    "rmse": 0.6024207931522616,
    "mae": 0.6317355172747519,
    "r2": 0.0781707852957817
}